{"train_loss":2.0226540565490723,"_wandb":{"runtime":11332},"epoch":58,"eval_hr@10":0.3515625,"eval_hr@50":0.6640625,"lr":0.001,"batch_id":2800,"_runtime":8440.973751028,"eval_ndcg@10":0.16893699765205383,"_step":115,"_timestamp":1.7340602160202887e+09,"eval_mrr":0.13450613617897034}