{"epoch":0,"_timestamp":1.7340604760199769e+09,"eval_ndcg@10":0.015625,"eval_hr@10":0.03125,"eval_hr@50":0.0625,"eval_mrr":0.014538740739226341,"batch_id":0,"_runtime":63.326531281,"_wandb":{"runtime":66},"_step":0}