{"eval_ndcg@10":0.188979834318161,"eval_hr@10":0.3268211781978607,"eval_mrr":0.22878359258174896,"lr":0.001,"_runtime":8759.011922593,"_timestamp":1.7340599804603472e+09,"epoch":49,"eval_hr@50":0.625,"batch_id":9400,"_step":239,"train_loss":2.039027452468872,"_wandb":{"runtime":8830}}