{"eval_hr@50":0.25,"_timestamp":1.7340616323578184e+09,"eval_mrr":0.046974699944257736,"eval_ndcg@10":0.08583541959524155,"epoch":5,"eval_hr@10":0.1624172180891037,"train_loss":0.7452303767204285,"_wandb":{"runtime":1058},"_runtime":1019.304295498,"batch_id":1131,"_step":300}